customer_id,time_spent,pages_viewed,basket_value,purchase,device_type_Desktop,device_type_Mobile,device_type_Tablet,device_type_Unknown,customer_type_New,customer_type_Returning
501,0.6641673485538682,0.5,0.0,1,True,False,False,False,True,False
502,0.48368066359545475,0.22222222222222224,0.5249806680065303,1,False,True,False,False,False,True
503,0.23135872556494308,0.1111111111111111,0.45729145831670964,0,False,True,False,False,False,True
504,0.7929442420329003,0.2777777777777778,0.0,1,False,False,False,True,True,False
505,0.6492102097136618,0.16666666666666666,0.48428250256034466,1,False,False,True,False,True,False
506,0.06774928377836736,0.9444444444444444,0.04753802804917875,0,False,False,True,False,True,False
507,0.9011170419352543,0.4444444444444444,0.5878919590342997,1,True,False,False,False,True,False
508,0.8026801597358022,0.8888888888888888,0.0,1,False,True,False,False,True,False
509,0.9444082825161575,0.6666666666666666,0.18261663283728996,1,False,True,False,False,False,True
510,0.6948575301484683,0.7777777777777777,0.22778932062992108,1,False,True,False,False,False,True
511,0.5697880236080095,0.5,0.3128516509854464,1,False,True,False,False,False,True
512,0.35243140422114216,0.6666666666666666,0.3606940001527862,1,True,False,False,False,True,False
513,0.925396409582282,0.8333333333333333,0.0,1,False,True,False,False,True,False
514,0.8511543108159345,0.16666666666666666,0.2696634338388588,1,False,True,False,False,True,False
515,0.510473267994509,0.22222222222222224,0.4069622036897105,1,False,False,True,False,False,True
516,0.510473267994509,0.22222222222222224,0.3651172600739438,1,False,True,False,False,False,True
517,0.30590280240043843,0.5,0.22214967052950588,1,False,True,False,False,True,False
518,0.7893340829449031,0.8888888888888888,0.18931691180144483,1,False,True,False,False,False,True
519,0.9861442741503375,0.6666666666666666,0.49592855900715715,1,True,False,False,False,False,True
520,0.054162503538191825,0.05555555555555555,0.0,1,True,False,False,False,True,False
521,0.54831155117508,0.6666666666666666,0.3757674924488567,0,False,True,False,False,True,False
522,0.3108335476810437,1.0,0.564775530928585,1,True,False,False,False,False,True
523,0.966809102205336,0.1111111111111111,0.0,1,True,False,False,False,False,True
524,0.8244876133226777,0.5,0.2402815110810427,1,False,False,True,False,True,False
525,0.8202665755219982,0.05555555555555555,0.1112498179173504,1,False,False,True,False,True,False
526,0.40861599690327305,0.6666666666666666,0.8551516076767419,1,False,False,True,False,True,False
527,0.3486187304887665,1.0,0.5187854796820974,1,False,False,False,True,True,False
528,0.19113249952007721,0.8888888888888888,0.3460779585486043,1,False,True,False,False,False,True
529,0.510473267994509,0.5,0.5344306071081851,1,False,True,False,False,False,True
530,0.8496603129813907,0.611111111111111,0.6066466109471504,1,False,True,False,False,True,False
531,0.7919486127534063,0.611111111111111,0.6043263581663464,1,True,False,False,False,True,False
532,1.0,0.5555555555555555,0.5642323102714965,1,False,False,True,False,True,False
533,0.9965689771267001,0.33333333333333326,0.3060819759879055,0,True,False,False,False,True,False
534,0.5052137756108561,0.5,0.2540210929303519,1,False,False,False,True,True,False
535,0.7430435314992025,1.0,0.15356727845734597,1,True,False,False,False,False,True
536,0.9388018830724518,0.0,0.47283969993488645,1,False,False,True,False,True,False
537,0.8328718124676955,0.1111111111111111,0.3286664799761386,1,True,False,False,False,False,True
538,0.16211150761755627,0.6666666666666666,0.27209103264253987,1,False,False,True,False,True,False
539,0.38840404344446994,0.7777777777777777,0.0,1,False,False,True,False,False,True
540,0.030488773032613103,0.05555555555555555,0.0,1,False,False,True,False,True,False
541,0.949142604061461,0.5555555555555555,0.5709848929701747,1,True,False,False,False,False,True
542,0.5617244556806784,0.16666666666666666,0.7623154426304711,1,True,False,False,False,False,True
543,0.14128005315863001,1.0,0.47863141676219667,1,False,True,False,False,True,False
544,0.6346985966948582,0.8888888888888888,0.37572783727518644,1,False,True,False,False,False,True
545,0.575036781556926,0.1111111111111111,0.35777506539521214,1,True,False,False,False,True,False
546,0.28552199003041323,0.9444444444444444,0.1408995094275569,1,False,True,False,False,False,True
547,0.013113551590911265,0.5,0.0,1,False,False,True,False,False,True
548,0.6345566167246306,1.0,0.473906477335378,0,False,True,False,False,False,True
549,0.4660973620068531,0.22222222222222224,0.15956421662733372,1,False,False,True,False,True,False
550,0.7467531271945926,0.5,0.40940762666874675,1,False,True,False,False,False,True
551,0.46593677158597085,0.38888888888888884,0.6064702632843594,0,False,True,False,False,True,False
552,0.8356939644885204,0.22222222222222224,0.0,1,False,False,True,False,False,True
553,0.5012882508897756,0.8888888888888888,0.8015723252771455,1,False,True,False,False,False,True
554,0.5113459173608137,0.22222222222222224,0.1473533399620075,1,False,False,False,True,True,False
555,0.8629477154514644,0.5,0.5791625505476578,1,False,True,False,False,True,False
556,0.3359935030593671,1.0,0.45590401525942764,1,True,False,False,False,False,True
557,0.035896527729773475,0.05555555555555555,0.6236103071445298,0,False,True,False,False,False,True
558,0.510473267994509,0.5555555555555555,0.11999536719923522,1,True,False,False,False,True,False
559,0.7276190782684762,0.5,0.8662141788617875,1,True,False,False,False,True,False
560,0.5774660335719395,0.7777777777777777,0.3243417502210416,1,True,False,False,False,False,True
561,0.6707580848064294,0.611111111111111,0.5108132671497897,1,True,False,False,False,True,False
562,0.12381927872532134,0.5555555555555555,0.6781926826168988,1,True,False,False,False,True,False
563,0.038520600306928415,0.5,0.23150371599687578,1,False,True,False,False,True,False
564,0.510473267994509,0.5,0.0,1,False,False,True,False,True,False
565,0.27708579193880567,0.8888888888888888,0.195141750963769,1,False,True,False,False,False,True
566,0.5436196441261318,0.4444444444444444,0.6678326291577737,1,True,False,False,False,False,True
567,0.3234772088943402,0.7222222222222221,0.19760259297983165,0,False,True,False,False,False,True
568,0.3738493035515745,0.611111111111111,0.3717065222778052,1,False,False,True,False,True,False
569,0.8935792040210309,0.2777777777777778,0.0,1,False,True,False,False,False,True
570,0.2744886203594225,0.8888888888888888,0.5342800193618901,1,False,True,False,False,False,True
571,0.4590609837255493,1.0,0.7924156896971748,1,True,False,False,False,True,False
572,0.7593761104534071,1.0,0.2647888966486045,1,False,False,False,True,False,True
573,0.3282645668443913,0.8333333333333333,0.6115424160567251,1,False,True,False,False,False,True
574,0.5794451840419192,0.611111111111111,0.7928041739662701,1,True,False,False,False,False,True
575,0.8470335449177717,0.611111111111111,0.399440281047083,1,True,False,False,False,False,True
576,0.9440972471161921,0.2777777777777778,0.24339042497432908,1,False,False,True,False,False,True
577,0.050439060942321395,0.16666666666666666,0.0,0,True,False,False,False,True,False
578,0.9185575439403448,0.2777777777777778,0.7738430376903784,1,False,True,False,False,False,True
579,0.43470154658124777,0.5555555555555555,0.310026676142905,1,False,True,False,False,True,False
580,0.17424633265580208,0.0,0.14502885690391162,1,False,False,True,False,False,True
581,0.3979722404834077,0.7777777777777777,0.06721351741060258,1,False,False,True,False,False,True
582,0.9780773735275561,0.5555555555555555,0.1446243394474903,1,False,True,False,False,False,True
583,0.435260385251298,1.0,0.5637967294422997,1,False,True,False,False,False,True
584,0.2527678361409934,0.9444444444444444,0.5939145860068711,1,True,False,False,False,False,True
585,0.5920453739893274,0.8888888888888888,0.5054668912027851,1,False,True,False,False,True,False
586,0.15409034644727954,1.0,0.3921604725494039,1,False,True,False,False,False,True
587,0.510473267994509,0.5,0.09180457590988372,0,False,True,False,False,False,True
588,0.030177288149696835,0.9444444444444444,0.0,1,False,False,False,True,False,True
589,0.029248620967189054,1.0,0.12208329511531645,1,False,True,False,False,False,True
590,0.05581719132375207,0.7777777777777777,0.48818029455459816,0,True,False,False,False,True,False
591,0.041255426896664255,0.7777777777777777,0.13152366444373165,0,False,True,False,False,True,False
592,0.6003687925176886,0.16666666666666666,0.2076157654950417,0,False,True,False,False,True,False
593,0.08920199555531055,0.33333333333333326,0.3233145584653451,0,False,True,False,False,False,True
594,0.2716062478925471,0.6666666666666666,0.0,1,False,True,False,False,True,False
595,0.8853711678706802,0.1111111111111111,0.3735080686214317,1,False,True,False,False,False,True
596,0.4144833250400874,0.8333333333333333,0.33995449436248276,1,False,True,False,False,False,True
597,0.6300847382763912,0.4444444444444444,0.6214552601598748,0,True,False,False,False,True,False
598,0.07855511013370434,0.38888888888888884,0.18459205028046552,1,False,True,False,False,False,True
599,0.10079407302572135,0.6666666666666666,0.08010411295020477,1,False,True,False,False,False,True
600,0.510473267994509,0.8888888888888888,0.28177215805849615,1,False,True,False,False,False,True
601,0.07478556403844513,0.8888888888888888,0.12394231798044798,1,True,False,False,False,False,True
602,0.1969049284185206,0.5,0.371847693006822,1,False,False,True,False,False,True
603,0.08377888694035968,0.0,0.0,0,False,True,False,False,True,False
604,0.510473267994509,0.38888888888888884,0.23135475732372535,0,False,False,True,False,True,False
605,0.020996390904621187,0.5,0.1609390725847487,1,False,True,False,False,True,False
606,0.39980200703365126,0.2777777777777778,0.48707642150888597,1,False,False,True,False,False,True
607,0.11643517896154948,0.5,0.18661951603776708,0,False,True,False,False,True,False
608,0.2923233082220902,0.22222222222222224,0.0,1,True,False,False,False,True,False
609,0.44728706251484757,0.6666666666666666,0.3193182256676033,1,True,False,False,False,True,False
610,0.6555176315312796,0.5,0.43304365836993947,1,False,True,False,False,True,False
611,0.510473267994509,0.7222222222222221,0.3041931427377901,0,False,False,True,False,False,True
612,0.7769245773764291,0.5,0.0,1,True,False,False,False,True,False
613,0.5859196927355574,0.9444444444444444,0.21692034576240468,1,False,True,False,False,False,True
614,0.510473267994509,0.5555555555555555,0.0,1,False,False,False,True,False,True
615,0.8595232160563098,0.1111111111111111,0.16942378231140126,1,False,True,False,False,True,False
616,0.9121926919716905,0.5,0.291707303697102,1,False,False,True,False,False,True
617,0.510473267994509,0.5,0.526900445549447,0,True,False,False,False,False,True
618,0.19499756262699675,0.8333333333333333,0.07964033135853936,0,False,True,False,False,True,False
619,0.7844873512592037,0.611111111111111,0.3537936178602363,1,True,False,False,False,True,False
620,0.7199597669007274,0.05555555555555555,0.0,1,False,False,True,False,True,False
621,0.09214311531013755,0.4444444444444444,0.4129982983095315,0,True,False,False,False,True,False
622,0.11979355596768759,0.1111111111111111,0.14994431967031394,0,True,False,False,False,True,False
623,0.2992305346441173,0.7777777777777777,0.0,1,True,False,False,False,False,True
624,0.42624513693956395,0.1111111111111111,0.04135644627267988,1,False,True,False,False,False,True
625,0.5751776949238441,1.0,0.4596801810708542,1,False,True,False,False,True,False
626,0.29749492697392677,0.9444444444444444,0.6295037795327725,0,False,False,True,False,True,False
627,0.40175754692018245,0.38888888888888884,0.13863508718219444,1,False,True,False,False,True,False
628,0.719081360252545,0.8888888888888888,0.17543235027680856,1,False,False,True,False,False,True
629,0.510473267994509,0.38888888888888884,0.15748964410389613,1,False,True,False,False,True,False
630,0.16777877915012374,0.33333333333333326,0.25740049435275514,0,False,True,False,False,True,False
631,0.6810815666996175,0.33333333333333326,0.0,1,False,False,True,False,False,True
632,0.8836098244935189,0.1111111111111111,0.2396035062546362,1,True,False,False,False,True,False
633,0.45648613529279986,0.5,0.11895761294017697,0,False,True,False,False,True,False
634,0.4792450639265123,0.16666666666666666,0.0,1,True,False,False,False,True,False
635,0.006002146608548725,0.22222222222222224,0.0,1,True,False,False,False,False,True
636,0.3849162990233613,0.0,0.7296395047851065,1,True,False,False,False,False,True
637,0.4798061079632467,0.7777777777777777,0.48543714739496824,1,False,True,False,False,False,True
638,0.15667949191658836,0.22222222222222224,0.18665897508678878,1,False,False,True,False,True,False
639,0.18649537094082314,0.6666666666666666,0.5263021885302821,0,False,False,True,False,False,True
640,0.3068168953393994,0.38888888888888884,0.5701187206961412,1,False,True,False,False,False,True
641,0.510473267994509,0.38888888888888884,0.30788957007272033,1,False,False,True,False,False,True
642,0.2453369606174779,0.22222222222222224,0.3723303068848072,1,False,False,True,False,False,True
643,0.12213078883068085,0.4444444444444444,0.6318225453624828,1,True,False,False,False,False,True
644,0.25137101139388063,0.0,0.0,1,True,False,False,False,True,False
645,0.020023337079911135,0.5,0.5809561661330703,0,False,True,False,False,False,True
646,0.8783983605216923,0.1111111111111111,0.29592081876388726,1,False,True,False,False,False,True
647,0.5477121072534168,0.05555555555555555,0.12078433135645822,1,True,False,False,False,True,False
648,0.6429415464457373,0.38888888888888884,0.13871856072291916,1,False,False,True,False,True,False
649,0.7655215715758845,0.4444444444444444,0.17481387496850978,1,True,False,False,False,False,True
650,0.44174649352711753,0.05555555555555555,0.09953220392970337,1,True,False,False,False,False,True
651,0.510473267994509,0.7222222222222221,0.0,1,False,True,False,False,True,False
652,0.4848056617842756,0.7222222222222221,0.4703885770577323,1,False,True,False,False,True,False
653,0.5401933736876048,0.16666666666666666,0.5953564045105942,0,False,True,False,False,True,False
654,0.7168189877028104,0.5,0.48590173369505996,1,False,True,False,False,False,True
655,0.36737291662550436,0.5555555555555555,0.37665933448497985,1,True,False,False,False,True,False
656,0.028730169121372634,0.1111111111111111,0.3796082070884396,0,False,True,False,False,False,True
657,0.20267991837650567,0.38888888888888884,0.2766596998048109,1,True,False,False,False,True,False
658,0.2910007577211633,0.1111111111111111,0.2944758745048972,1,False,True,False,False,False,True
659,0.605984450000153,0.7222222222222221,0.0563635629852614,1,True,False,False,False,False,True
660,0.5223047628612798,0.6666666666666666,0.5991370481693697,1,True,False,False,False,True,False
661,0.28322116461064734,0.6666666666666666,0.0,0,False,True,False,False,True,False
662,0.9852969073009248,0.05555555555555555,0.132548617275411,0,False,True,False,False,False,True
663,0.5612791951611038,0.6666666666666666,0.8019107500624837,0,False,True,False,False,True,False
664,0.1508397476957944,1.0,0.3929964667145433,1,False,False,True,False,True,False
665,0.0,0.2777777777777778,0.4020511355511343,1,False,True,False,False,False,True
666,0.05688235245267159,0.8333333333333333,0.5022443115913765,0,True,False,False,False,False,True
667,0.16056309593076784,0.05555555555555555,0.0,0,False,False,True,False,False,True
668,0.06559370942968315,0.38888888888888884,0.059482965555081896,1,True,False,False,False,True,False
669,0.09442168139532003,0.8888888888888888,0.2663310803268349,1,False,True,False,False,True,False
670,0.2041491367501082,0.05555555555555555,0.16639109495433121,0,False,False,True,False,True,False
671,0.07972860694321107,0.5,0.3469730192441122,1,False,True,False,False,False,True
672,0.8853455699438257,0.8333333333333333,0.4691561535724867,1,False,True,False,False,False,True
673,0.510473267994509,0.2777777777777778,0.6661326466203366,0,False,False,True,False,False,True
674,0.47077886760251825,0.05555555555555555,0.0,0,True,False,False,False,True,False
675,0.3436933468478036,0.05555555555555555,0.1465725979885162,1,False,True,False,False,False,True
676,0.9806900805707706,0.6666666666666666,0.2815750039919808,1,False,True,False,False,True,False
677,0.011422237974460181,0.7777777777777777,0.0,0,False,True,False,False,True,False
678,0.32972660633621453,0.5,0.1417149283067776,0,True,False,False,False,False,True
679,0.9663146739449167,0.33333333333333326,0.09209787302429519,1,False,True,False,False,True,False
680,0.8505342620573879,0.1111111111111111,0.7261117603454288,1,False,False,True,False,False,True
681,0.7965937829350742,0.38888888888888884,0.3656323577311294,0,False,False,True,False,True,False
682,0.17386594746345713,0.7222222222222221,0.31443310212991216,0,False,False,True,False,False,True
683,0.07696002419598624,0.5,0.46887457287485435,1,False,True,False,False,False,True
684,0.6312936021260311,0.33333333333333326,0.4796624548273252,1,True,False,False,False,False,True
685,0.9216628503856474,0.0,0.6072024768538921,0,False,False,True,False,False,True
686,0.5066962739139804,0.5,0.2012035540048777,1,False,False,False,True,True,False
687,0.5232339889350202,0.4444444444444444,0.0,1,False,True,False,False,False,True
688,0.19845153738016497,0.6666666666666666,0.0,1,False,True,False,False,False,True
689,0.7436065097754208,1.0,0.32186042916037877,1,False,True,False,False,False,True
690,0.09495259332066183,1.0,0.3756816515916674,1,True,False,False,False,False,True
691,0.24711890526101016,0.8888888888888888,0.39698806018485394,1,True,False,False,False,True,False
692,0.360442452591297,0.5,0.38736110270983437,0,False,False,True,False,True,False
693,0.45195678459110583,0.5,0.5381016044260807,1,False,True,False,False,True,False
694,0.1566118130689339,0.16666666666666666,0.2331764814735932,0,False,True,False,False,True,False
695,0.01453818951425595,0.38888888888888884,0.40291520043649415,0,False,True,False,False,False,True
696,0.566675155895412,0.9444444444444444,0.19788072140970783,1,False,True,False,False,False,True
697,0.20808637469755425,0.7222222222222221,1.0,1,False,True,False,False,True,False
698,0.5339536176404949,0.9444444444444444,0.16431948132274873,1,True,False,False,False,True,False
699,0.058556834184488704,0.7222222222222221,0.0,0,True,False,False,False,False,True
700,0.4224777344213246,0.7777777777777777,0.555718719926386,1,True,False,False,False,False,True
701,0.47977511028834025,0.16666666666666666,0.269694453558172,1,False,True,False,False,False,True
702,0.510473267994509,0.6666666666666666,0.0,1,False,True,False,False,False,True
703,0.261513086244331,0.38888888888888884,0.39666949283378083,1,False,True,False,False,True,False
704,0.03634137997305048,0.5,0.27542226599809755,0,False,False,True,False,False,True
705,0.510473267994509,0.611111111111111,0.19922123338035697,1,False,True,False,False,False,True
706,0.9891334687748612,0.7222222222222221,0.1913559804607935,1,False,False,True,False,False,True
707,0.24564286174635774,0.05555555555555555,0.27779141158739235,1,False,True,False,False,False,True
708,0.7885780318103728,0.9444444444444444,0.32529626630429725,1,False,False,True,False,False,True
709,0.1702329767560415,0.5,0.18197277835849723,1,False,False,True,False,False,True
710,0.6456147940004162,0.5555555555555555,0.3395011786645732,1,False,True,False,False,False,True
711,0.7332883116522362,0.4444444444444444,0.1248090364045664,1,True,False,False,False,False,True
712,0.5499909877920999,0.611111111111111,0.5280894900715329,1,False,True,False,False,False,True
713,0.41182672831579664,0.8888888888888888,0.5698256325860419,1,False,False,True,False,True,False
714,0.3453015777719687,0.7777777777777777,0.2097784021197177,1,False,True,False,False,False,True
715,0.2751710744153952,0.5,0.19760426627654257,1,False,True,False,False,False,True
716,0.9218334140522979,0.9444444444444444,0.4020961198809312,1,True,False,False,False,True,False
717,0.8116809928232767,0.2777777777777778,0.6391464592754866,1,False,False,True,False,False,True
718,0.9613660734161014,0.8888888888888888,0.6873865611722721,1,False,True,False,False,True,False
719,0.025073914964519273,0.9444444444444444,0.05753211774445689,0,True,False,False,False,True,False
720,0.7005906463148326,0.5,0.5826743449455536,1,False,True,False,False,True,False
721,0.9316462742304925,0.4444444444444444,0.34989462426749884,1,False,True,False,False,False,True
722,0.0884814332775371,0.2777777777777778,0.0,1,True,False,False,False,False,True
723,0.510473267994509,0.22222222222222224,0.47333346316138214,1,False,True,False,False,False,True
724,0.7120092587924514,0.611111111111111,0.2584697705055388,1,False,True,False,False,False,True
725,0.5264195458748655,0.5555555555555555,0.6023794989492095,1,False,False,True,False,False,True
726,0.8241644871358198,0.0,0.0,1,False,True,False,False,True,False
727,0.04230806853069144,0.5,0.6818541723864722,0,True,False,False,False,True,False
728,0.7723105617480399,1.0,0.0,1,False,True,False,False,False,True
729,0.11119382262029162,0.4444444444444444,0.3132500704843257,1,False,True,False,False,False,True
730,0.0689063867854027,0.05555555555555555,0.0,0,False,True,False,False,False,True
731,0.06958556170229682,0.611111111111111,0.0,1,True,False,False,False,False,True
732,0.7938125680812111,0.16666666666666666,0.0,1,True,False,False,False,False,True
733,0.6274559095779764,0.5,0.4614649749655084,0,False,True,False,False,True,False
734,0.4691685456103932,0.9444444444444444,0.41111923864814054,1,False,True,False,False,False,True
735,0.28626565849353497,0.7777777777777777,0.2690108528457378,1,False,False,True,False,False,True
736,0.8635568219374978,1.0,0.0,1,False,True,False,False,False,True
737,0.32370112518891686,0.6666666666666666,0.4317674471444001,1,False,False,True,False,True,False
738,0.7960674292768675,1.0,0.14283512408151472,1,False,False,False,True,False,True
739,0.37569797430783697,0.8888888888888888,0.12800324586262105,1,True,False,False,False,False,True
740,0.3064385454546157,0.5,0.10120079312516585,0,False,True,False,False,True,False
741,0.40191910594621344,0.8333333333333333,0.3188777091807384,1,False,False,True,False,False,True
742,0.22228263397599157,0.611111111111111,0.0,1,True,False,False,False,True,False
743,0.7192355384631686,1.0,0.0,1,False,True,False,False,False,True
744,0.4465109700285957,0.22222222222222224,0.4770602588827878,0,False,True,False,False,False,True
745,0.1452557182630917,0.8888888888888888,0.5732990900120528,1,True,False,False,False,False,True
746,0.8884740235850912,0.0,0.0,1,True,False,False,False,True,False
747,0.31417495220551883,0.5,0.37642159068032777,1,False,True,False,False,True,False
748,0.4919847091037944,0.7777777777777777,0.0,1,False,True,False,False,True,False
749,0.8961555775378316,0.5555555555555555,0.4044786250689212,1,False,False,True,False,True,False
750,0.5818410091354489,0.6666666666666666,0.0,1,False,True,False,False,True,False
751,0.016833695880007465,0.22222222222222224,0.28272314888777145,1,True,False,False,False,False,True
752,0.9333074929813907,0.0,0.2837256369965078,1,False,True,False,False,True,False
753,0.5857054941838724,0.611111111111111,0.25196167655553703,1,False,False,True,False,False,True
754,0.2596213422347686,0.5555555555555555,0.35438822039886586,1,False,False,True,False,True,False
755,0.04175089696359918,0.8888888888888888,0.3154684671466334,1,False,False,False,True,False,True
756,0.7709272519182511,0.16666666666666666,0.14830558714012537,1,False,True,False,False,False,True
757,0.5772023225326846,0.7777777777777777,0.0,1,False,False,True,False,False,True
758,0.48074584784723023,0.4444444444444444,0.22400749037489778,0,False,True,False,False,False,True
759,0.8821461836480913,1.0,0.0,1,True,False,False,False,True,False
760,0.7648822967346911,0.5,0.05876893579795905,1,True,False,False,False,False,True
761,0.05556348283858048,0.611111111111111,0.3826946924802638,1,False,True,False,False,True,False
762,0.23380261183601647,0.5,0.6013311278040417,0,False,False,True,False,False,True
763,0.1633822430452599,0.5,0.0,1,False,True,False,False,False,True
764,0.7151560819490923,0.8888888888888888,0.17357799506585384,1,True,False,False,False,False,True
765,0.510473267994509,0.22222222222222224,0.45736401978983354,1,True,False,False,False,False,True
766,0.52131513710996,0.8333333333333333,0.5547481059418703,1,True,False,False,False,False,True
767,0.735772706794948,0.33333333333333326,0.27173298142124175,1,False,True,False,False,False,True
768,0.8630724840353459,0.4444444444444444,0.0,1,False,True,False,False,False,True
769,0.267613159521251,0.1111111111111111,0.6291941656596342,0,False,False,True,False,True,False
770,0.8012547358853872,0.7777777777777777,0.5368507319299217,1,False,True,False,False,True,False
771,0.009855125768811202,0.5,0.0,0,False,True,False,False,False,True
772,0.8293135390638635,0.9444444444444444,0.261280385204513,1,False,True,False,False,False,True
773,0.028628112242977205,0.7222222222222221,0.6060838923595144,1,False,True,False,False,True,False
774,0.3290937004372665,0.1111111111111111,0.0,1,False,False,True,False,True,False
775,0.7745691366632006,0.611111111111111,0.609906489137001,1,False,True,False,False,False,True
776,0.053606267682437314,0.4444444444444444,0.3488093047764515,1,True,False,False,False,False,True
777,0.14195781891358378,0.5,0.0,1,False,True,False,False,True,False
778,0.690996516577864,0.4444444444444444,0.1572592283412863,1,False,True,False,False,False,True
779,0.6885285970160193,0.6666666666666666,0.0,1,False,True,False,False,False,True
780,0.6006726987259321,0.9444444444444444,0.3867906385942179,1,False,True,False,False,False,True
781,0.659475173049977,0.5,0.0,1,False,True,False,False,False,True
782,0.49106212831424717,0.6666666666666666,0.5164906304338495,1,True,False,False,False,False,True
783,0.1670683877581891,0.16666666666666666,0.49296677453063986,0,False,True,False,False,True,False
784,0.27163822144702515,0.05555555555555555,0.44356712534160464,1,False,True,False,False,False,True
785,0.08888753233178417,0.8333333333333333,0.16193859615057474,1,False,True,False,False,True,False
786,0.8983589106598815,0.4444444444444444,0.5306126638511486,1,False,True,False,False,False,True
787,0.5363519792838645,0.4444444444444444,0.13755976665777941,1,False,False,True,False,True,False
788,0.3330629469938446,0.2777777777777778,0.6046386349538914,1,True,False,False,False,False,True
789,0.4011685150071634,0.5555555555555555,0.34500548513850354,1,False,True,False,False,True,False
790,0.9416056597007885,0.0,0.35225850633712974,0,False,True,False,False,False,True
791,0.05743057010956179,0.16666666666666666,0.0,0,False,False,True,False,True,False
792,0.5395126051826742,0.6666666666666666,0.5816201129531804,1,False,True,False,False,False,True
793,0.4500393858760175,0.6666666666666666,0.0,1,False,False,True,False,False,True
794,0.567604168359114,0.6666666666666666,0.18446293530494431,1,False,True,False,False,False,True
795,0.510473267994509,0.05555555555555555,0.5295649021712538,0,False,False,True,False,False,True
796,0.8579031490831617,0.4444444444444444,0.18569854061980162,1,False,False,True,False,True,False
797,0.9247168495539542,0.5,0.5350651300793684,1,True,False,False,False,False,True
798,0.5160179828402742,0.33333333333333326,0.052644735168454145,1,False,True,False,False,False,True
799,0.6624847214091336,0.16666666666666666,0.0,1,False,True,False,False,False,True
800,0.9140046051746435,0.9444444444444444,0.18436848351668655,1,False,True,False,False,False,True
801,0.6742760070482938,0.1111111111111111,0.0,1,False,True,False,False,False,True
802,0.056525872085454315,0.2777777777777778,0.0,1,False,True,False,False,False,True
803,0.5284411249214997,0.611111111111111,0.40669123223353193,1,False,True,False,False,False,True
804,0.5623262941335816,0.611111111111111,0.39952219705560926,1,True,False,False,False,False,True
805,0.3589882637889617,0.38888888888888884,0.5168142846688569,1,True,False,False,False,False,True
806,0.70680129538722,0.0,0.6077014995345426,1,False,True,False,False,False,True
807,0.9272211864857676,0.16666666666666666,0.0,1,False,True,False,False,True,False
808,0.9174225931622013,0.5555555555555555,0.2543895123946072,1,False,False,True,False,True,False
809,0.3887328378762059,0.1111111111111111,0.5044086960021805,0,False,True,False,False,True,False
810,0.012757683641156259,0.6666666666666666,0.0,0,True,False,False,False,True,False
811,0.9834325747417334,0.8888888888888888,0.5616051369240059,1,False,True,False,False,False,True
812,0.8209006766624527,0.5,0.2085006119427081,1,False,True,False,False,False,True
813,0.025480912838587666,0.611111111111111,0.0,1,False,False,False,True,True,False
814,0.9121587052046962,0.7777777777777777,0.563000209672987,0,False,True,False,False,False,True
815,0.8554224056170721,0.5,0.2727366056711591,1,False,False,True,False,False,True
816,0.46446066954103643,0.7222222222222221,0.5044395177185197,1,True,False,False,False,False,True
817,0.5451317230481851,0.6666666666666666,0.6115803414766592,1,False,True,False,False,False,True
818,0.331004098101253,0.5,0.3872983188688369,0,False,False,True,False,False,True
819,0.510473267994509,0.5,0.43120428332657723,1,False,True,False,False,False,True
820,0.25994611732833744,0.05555555555555555,0.3372769555796695,1,False,False,True,False,True,False
821,0.7807589851225738,0.8888888888888888,0.38851139897643333,1,False,False,True,False,True,False
822,0.510473267994509,0.16666666666666666,0.11995020703840399,0,False,True,False,False,True,False
823,0.2580550343710173,0.7222222222222221,0.29928125390551275,1,False,True,False,False,True,False
824,0.3300752891197489,0.5,0.0824997761265352,1,False,True,False,False,False,True
825,0.4851275793560122,0.1111111111111111,0.16739247128106724,1,True,False,False,False,False,True
826,0.911060333959332,0.1111111111111111,0.0,1,True,False,False,False,False,True
827,0.27236210537713496,0.7777777777777777,0.4208455173383674,0,False,False,True,False,False,True
828,0.2730383318240057,0.2777777777777778,0.7320605904543543,1,True,False,False,False,True,False
829,0.7079784543673355,0.8888888888888888,0.26388713787828605,1,False,True,False,False,False,True
830,0.3902681039896771,0.5,0.5736995299151348,1,False,True,False,False,False,True
831,0.1367830888337132,0.5555555555555555,0.608699432323269,0,True,False,False,False,True,False
832,0.3905148648280114,0.16666666666666666,0.10191556703620738,1,False,True,False,False,True,False
833,0.04351599951803467,0.2777777777777778,0.14885771593102856,1,True,False,False,False,False,True
834,0.08308451860502625,0.0,0.5792940693454341,0,False,True,False,False,False,True
835,0.4416636076022508,0.8333333333333333,0.3431832199907359,1,False,True,False,False,False,True
836,0.3531913846890234,0.7777777777777777,0.0,0,False,True,False,False,True,False
837,0.9054811837701577,0.8888888888888888,0.22448505958001366,0,True,False,False,False,False,True
838,0.29023411299948226,0.5,0.4547931648963006,1,False,True,False,False,True,False
839,0.5332298781723384,0.611111111111111,0.0,0,True,False,False,False,True,False
840,0.5907796185134837,0.5,0.0,1,False,True,False,False,True,False
841,0.510473267994509,0.7777777777777777,0.2931176378904078,1,True,False,False,False,False,True
842,0.6256073923595189,0.4444444444444444,0.31077898062920056,1,True,False,False,False,False,True
843,0.08492093214834828,0.05555555555555555,0.36532372906290655,0,False,True,False,False,False,True
844,0.9569597496701072,0.22222222222222224,0.0,1,True,False,False,False,False,True
845,0.05220895126725436,0.2777777777777778,0.3749797821745099,0,False,True,False,False,True,False
846,0.3484011439519021,0.33333333333333326,0.41626978575268014,0,False,True,False,False,False,True
847,0.510473267994509,0.0,0.593406336399167,1,False,True,False,False,False,True
848,0.996833377911819,0.33333333333333326,0.0,1,True,False,False,False,True,False
849,0.44592587239477194,0.611111111111111,0.8290472745480002,1,False,False,True,False,False,True
850,0.5497084247657116,0.8333333333333333,0.0,1,True,False,False,False,True,False
851,0.510473267994509,0.8333333333333333,0.15967996741192358,0,True,False,False,False,False,True
852,0.721853867960869,0.5555555555555555,0.49714773368739756,0,True,False,False,False,True,False
853,0.12041305474495245,0.16666666666666666,0.63673713945259,1,False,True,False,False,True,False
854,0.8867809350050606,0.6666666666666666,0.3195416846570608,1,False,False,True,False,False,True
855,0.11510537484773364,0.33333333333333326,0.14300971038834437,1,False,False,False,True,False,True
856,0.09901076155311508,0.16666666666666666,0.7471861798828422,1,False,False,True,False,False,True
857,0.510473267994509,0.7777777777777777,0.0,1,True,False,False,False,True,False
858,0.4123732672636818,0.5,0.4372221103244612,1,True,False,False,False,False,True
859,0.5156927362897703,0.5,0.6497811355156773,1,True,False,False,False,False,True
860,0.510473267994509,0.5555555555555555,0.2670480680188439,1,False,True,False,False,False,True
861,0.7503271322642144,0.38888888888888884,0.22769639670118974,1,True,False,False,False,True,False
862,0.39146072218464983,0.0,0.24261548121419788,1,False,True,False,False,True,False
863,0.4706439800932806,0.38888888888888884,0.0,1,True,False,False,False,False,True
864,0.37751084272729846,0.6666666666666666,0.5944114181934191,1,True,False,False,False,False,True
865,0.33296454803560305,0.16666666666666666,0.37066419531982814,1,False,False,True,False,True,False
866,0.5099007794196724,0.38888888888888884,0.7738008539850053,1,True,False,False,False,True,False
867,0.05953411033521719,0.1111111111111111,0.3702807918411318,0,False,True,False,False,False,True
868,0.08925550286417949,0.4444444444444444,0.0,0,False,True,False,False,False,True
869,0.8463897482019294,0.05555555555555555,0.2691415368481006,1,True,False,False,False,True,False
870,0.9403050341352501,0.05555555555555555,0.8720422088273586,1,False,True,False,False,False,True
871,0.30239024314676594,0.6666666666666666,0.705581486705619,1,False,True,False,False,False,True
872,0.18816747622532437,0.7777777777777777,0.0,1,False,False,True,False,False,True
873,0.6038487746294094,0.611111111111111,0.6760242999761947,1,True,False,False,False,True,False
874,0.3418417033324002,0.16666666666666666,0.6650029140984423,1,True,False,False,False,True,False
875,0.510473267994509,0.38888888888888884,0.7018560065563908,0,False,True,False,False,True,False
876,0.06055016520732981,0.4444444444444444,0.0,1,True,False,False,False,True,False
877,0.6840023152802508,0.22222222222222224,0.5201220980690411,0,False,True,False,False,True,False
878,0.6204695716090474,0.9444444444444444,0.48152682891885756,1,True,False,False,False,False,True
879,0.510473267994509,0.5555555555555555,0.46600056355011404,1,False,True,False,False,True,False
880,0.1338511834968017,0.7777777777777777,0.41090927262292054,0,False,False,True,False,False,True
881,0.14398847920407915,0.4444444444444444,0.41733224044490314,1,False,True,False,False,True,False
882,0.6349124865086548,0.8888888888888888,0.6430210151783763,1,False,True,False,False,True,False
883,0.510473267994509,0.611111111111111,0.4809109280235742,1,True,False,False,False,True,False
884,0.002590509161959048,0.5,0.410595372891386,1,True,False,False,False,True,False
885,0.7774877432527327,0.5,0.0,1,False,True,False,False,False,True
886,0.08548744873462871,0.5,0.4544369588646827,1,True,False,False,False,True,False
887,0.6135895271986085,0.6666666666666666,0.47526397381538477,1,False,True,False,False,True,False
888,0.15190440059059485,1.0,0.7703032132756824,1,False,False,True,False,True,False
889,0.510473267994509,0.5555555555555555,0.0,1,False,False,True,False,False,True
890,0.1574609373529675,0.6666666666666666,0.03290659096387583,1,False,True,False,False,True,False
891,0.6910125126793445,0.38888888888888884,0.3790868219144267,1,False,False,True,False,False,True
892,0.8396084649838118,0.38888888888888884,0.0,1,False,True,False,False,False,True
893,0.8112360350797321,0.16666666666666666,0.5205967833018411,1,False,True,False,False,False,True
894,0.3289781453929432,0.7777777777777777,0.38670600862907,1,False,False,True,False,False,True
895,0.6306720836095823,0.5555555555555555,0.5279190298227194,1,True,False,False,False,True,False
896,0.11493237231250503,0.5555555555555555,0.0,1,False,True,False,False,False,True
897,0.21311700164859543,0.0,0.0,1,False,True,False,False,True,False
898,0.8848671321846346,0.8888888888888888,0.576354990395539,1,False,False,False,True,True,False
899,0.510473267994509,0.7777777777777777,0.0,1,False,False,True,False,True,False
900,0.510473267994509,0.5,0.06134376713653474,0,False,True,False,False,True,False
901,0.11816418651029442,0.7777777777777777,0.0,1,False,True,False,False,True,False
902,0.510473267994509,0.4444444444444444,0.25024660410035865,1,False,True,False,False,False,True
903,0.08870680468962469,0.5,0.0,1,False,False,False,True,False,True
904,0.5359619357749692,0.9444444444444444,0.4752597443492901,1,False,True,False,False,False,True
905,0.3559745488706895,0.8888888888888888,0.279863168626829,1,False,True,False,False,True,False
906,0.8807865399086794,0.5,0.07701319244695314,1,False,True,False,False,True,False
907,0.7970074996363299,0.22222222222222224,0.3918414026474528,1,False,True,False,False,False,True
908,0.26731870952326064,0.4444444444444444,0.2022999045824034,0,False,False,True,False,False,True
909,0.17555939525927272,0.5555555555555555,0.46157606553418046,0,False,True,False,False,False,True
910,0.3094988762449911,0.0,0.5175661687166223,1,True,False,False,False,False,True
911,0.5440397809688517,0.9444444444444444,0.21032141488873024,1,True,False,False,False,False,True
912,0.1851817013958157,0.5,0.3115881529713596,1,False,False,True,False,False,True
913,0.5817417947770052,0.05555555555555555,0.4101570676499826,1,False,False,True,False,True,False
914,0.34259619106452355,0.7777777777777777,0.056594882648163924,1,False,True,False,False,False,True
915,0.5014445451049825,0.7222222222222221,0.4101378344042879,1,False,True,False,False,False,True
916,0.3723476440917241,0.22222222222222224,0.05136831988563444,0,False,True,False,False,True,False
917,0.21458484618785295,0.2777777777777778,0.4866317057700839,1,False,True,False,False,False,True
918,0.9429086126861197,0.2777777777777778,0.2684522476820218,1,True,False,False,False,False,True
919,0.7370502025632617,0.9444444444444444,0.0501641382565303,1,True,False,False,False,False,True
920,0.042687604982665245,0.7222222222222221,0.23688549322342636,0,False,False,True,False,True,False
921,0.8538316603571063,0.5,0.2461061499376037,1,False,True,False,False,False,True
922,0.4294839152571264,0.7222222222222221,0.5962366662816836,0,False,False,False,True,True,False
923,0.8828808066394214,0.6666666666666666,0.4010907380986536,1,False,True,False,False,False,True
924,0.7774199995827784,0.1111111111111111,0.1548559599830287,1,False,True,False,False,True,False
925,0.36019417838730305,0.2777777777777778,0.0,1,False,True,False,False,False,True
926,0.510473267994509,0.38888888888888884,0.4998795514272756,1,False,False,False,True,False,True
927,0.18586517895813293,0.611111111111111,0.28999841319206604,0,False,True,False,False,True,False
928,0.48984797757606363,0.6666666666666666,0.024596069217083894,0,False,False,True,False,True,False
929,0.5921315333350843,0.5555555555555555,0.2707563935671418,1,False,False,True,False,False,True
930,0.17384908476364724,0.611111111111111,0.31524338820987197,1,False,False,True,False,False,True
931,0.04184444648629815,0.0,0.44375691318367066,1,False,True,False,False,True,False
932,0.8164818169900696,0.8888888888888888,0.49568680363688,1,False,False,True,False,False,True
933,0.9829436549862134,0.5,0.5391372875901791,1,True,False,False,False,False,True
934,0.47209164911677154,0.5555555555555555,0.012032742818973905,1,False,True,False,False,True,False
935,0.07784171193653888,0.6666666666666666,0.4087639242830918,1,False,True,False,False,False,True
936,0.1899077503282403,0.9444444444444444,0.3285182288822328,1,False,True,False,False,True,False
937,0.510473267994509,0.5555555555555555,0.9470780241768054,0,False,True,False,False,False,True
938,0.9048719031592678,0.611111111111111,0.377415060188355,1,True,False,False,False,False,True
939,0.01778370004639343,0.2777777777777778,0.2275818745313106,1,False,False,True,False,False,True
940,0.5286951692526178,0.5,0.38737151180202845,1,False,True,False,False,True,False
941,0.19185432082301673,0.8333333333333333,0.36144470226090397,1,True,False,False,False,True,False
942,0.5038175689737798,0.16666666666666666,0.0,0,False,False,True,False,False,True
943,0.6121131183229707,0.1111111111111111,0.45231774662328844,1,False,True,False,False,False,True
944,0.8107036349027086,0.8333333333333333,0.29561470344046015,1,False,False,False,True,False,True
945,0.11653268416542806,0.611111111111111,0.3574941308762022,0,True,False,False,False,False,True
946,0.510473267994509,0.5555555555555555,0.172885470581857,1,True,False,False,False,False,True
947,0.03909319672775735,0.22222222222222224,0.12485286550445447,0,False,True,False,False,True,False
948,0.888968567704987,0.9444444444444444,0.5548978350788114,1,True,False,False,False,True,False
949,0.8598700712141287,1.0,0.6049421651758098,1,False,True,False,False,True,False
950,0.5519670341272347,0.2777777777777778,0.45445274705008576,1,False,False,False,True,False,True
951,0.5554235845119884,0.9444444444444444,0.0,1,False,True,False,False,True,False
952,0.627277114772042,0.2777777777777778,0.0,1,False,False,True,False,True,False
953,0.08195335916053553,0.16666666666666666,0.0,1,False,True,False,False,True,False
954,0.9049979026349282,0.611111111111111,0.2191844653532837,1,False,False,False,True,True,False
955,0.35301885039884306,1.0,0.5519933947730603,1,True,False,False,False,False,True
956,0.31333670338404934,0.05555555555555555,0.50666072371979,1,False,True,False,False,True,False
957,0.4645493709937764,0.8888888888888888,0.4629256502503034,1,True,False,False,False,True,False
958,0.510473267994509,0.5555555555555555,0.6495088348244439,1,False,False,True,False,False,True
959,0.07183246195032209,0.5555555555555555,0.48538877769748007,1,True,False,False,False,True,False
960,0.7085713349184346,0.8333333333333333,0.0,1,False,True,False,False,False,True
961,0.510473267994509,0.05555555555555555,0.2827593805261504,1,True,False,False,False,False,True
962,0.5583583720454106,0.05555555555555555,0.35424235862380193,1,True,False,False,False,True,False
963,0.1598852979084429,0.38888888888888884,0.3287087714148701,1,False,False,True,False,True,False
964,0.3201936411540736,0.6666666666666666,0.2287847345881865,1,False,True,False,False,True,False
965,0.20815674005398221,0.5,0.13875133292513633,0,False,True,False,False,True,False
966,0.2827489596758339,0.38888888888888884,0.88664484973674,1,True,False,False,False,True,False
967,0.6874253644430068,0.16666666666666666,0.27857097349914955,1,False,True,False,False,False,True
968,0.21754269445940783,0.7777777777777777,0.8759323088518465,1,False,True,False,False,False,True
969,0.5174339610831868,0.0,0.11452545217200061,0,False,True,False,False,False,True
970,0.4168095084157683,0.5555555555555555,0.5065433564336996,0,False,False,True,False,False,True
971,0.6257563934743415,0.33333333333333326,0.413371437604883,1,False,False,True,False,False,True
972,0.9299638393563949,0.8888888888888888,0.1623390193590891,1,True,False,False,False,True,False
973,0.7024890260702339,0.9444444444444444,0.2613908814649081,1,False,True,False,False,False,True
974,0.12602012471106827,0.611111111111111,0.36001431602028283,1,False,True,False,False,False,True
975,0.510473267994509,0.4444444444444444,0.17930561995809888,1,False,False,True,False,True,False
976,0.17872288730906277,0.5,0.30747703689736466,0,False,False,True,False,False,True
977,0.549366432805088,0.5,0.0,1,False,False,True,False,True,False
978,0.510473267994509,0.5,0.5184140660307884,1,True,False,False,False,True,False
979,0.4394345764463729,0.22222222222222224,0.0,0,False,True,False,False,False,True
980,0.5513319624060278,0.5,0.0,1,False,False,False,True,False,True
981,0.25888440282128466,0.5555555555555555,0.8568924258568771,1,False,True,False,False,True,False
982,0.7451871032891093,0.5,0.5120009258363886,1,False,True,False,False,True,False
983,0.005363171540438166,0.38888888888888884,0.6124306855384062,1,True,False,False,False,False,True
984,0.510473267994509,0.05555555555555555,0.6332600863166261,1,False,True,False,False,False,True
985,0.6976074477521135,0.38888888888888884,0.0,1,False,True,False,False,True,False
986,0.438460195450518,0.8333333333333333,0.45566793864905064,1,False,True,False,False,False,True
987,0.6532987273161959,0.5,0.061849964428040825,0,False,True,False,False,True,False
988,0.37090077962911344,0.1111111111111111,0.1058903035608479,1,False,False,True,False,True,False
989,0.16105790318887425,0.611111111111111,0.1438049067291552,0,False,True,False,False,False,True
990,0.7988547999031299,0.6666666666666666,0.2951443497994667,1,False,False,False,True,False,True
991,0.7769306803334493,0.6666666666666666,0.505104615458278,1,False,True,False,False,True,False
992,0.660308224685298,0.5,0.45791683410293327,1,False,True,False,False,True,False
993,0.18972712561357713,0.16666666666666666,0.36056989780040155,0,False,True,False,False,False,True
994,0.5439681993606544,0.4444444444444444,0.5208484306203548,1,True,False,False,False,False,True
995,0.28865270470236515,0.05555555555555555,0.0,1,False,True,False,False,False,True
996,0.510473267994509,1.0,0.45979901748076174,1,True,False,False,False,True,False
997,0.9082293491080498,0.0,0.0,0,False,False,True,False,False,True
998,0.03901858204532127,0.33333333333333326,0.20214718348162658,1,True,False,False,False,False,True
999,0.9448954452073564,0.8888888888888888,0.36905162026521243,1,False,True,False,False,False,True
1000,0.3833498231078876,0.1111111111111111,0.5231960342269106,1,False,True,False,False,False,True
